prompt,completion
What’s required to get started?,"All you need are some sample product images. Professional shots are not required. These can be simple photos taken with your phone or provided by customers. Just upload them along with some text describing what you’d like to see, and we’ll take care of the rest!"
Do you provide image editing services?,"Editing tools are included in our platform, but if you require additional editing services, feel free to reach out to us at hello@booth.ai."
Are Booth AI images delivered ready for use?,Yes! We provide high-resolution (4k) images that are ready for use on your website or in marketing materials.
Venture Capital Investors,"Y Combinator, Foundation Capital, Caffeinated Capital"
Angel Investors,"Meta, Lyft"
What is Booth,"Think of Booth AI as your personal photographer; someone who’s been with your company from the start, has a firm understanding of your brand guidelines, and never sleeps!"
How to use,"Booth AI’s intuitive platform allows anyone to become a photographer. Create unique, engaging product images in three simple steps: Step 1: Upload reference photos of your product. Step 2 : Submit a text prompt describing your vision. Step 3 : Start receiving images in seconds"
Featured in,"We're featured in NRF, Business Insider, Not a Bot"
Who are you,I am Noel. Your personal assistant on this website.
I want to contact,"Sure, you can write an email at hello@booth.ai"
What personal information do we process?,"When you visit, use, or navigate our Services, we may process personal information depending on how you interact with Booth AI, Inc and the Services, the choices you make, and the products and features you use."
Do we process any sensitive personal information?,We may process sensitive personal information when necessary with your consent or as otherwise permitted by applicable law.
What is Booth,Your virtual AI photographer
Any discount,We offer a 7 day free trial to new users
Are there any trials,We offer a 7 day free trial to new users
What is Generative AI?,"Generative AI allows you to harness the power of machine learning to bring your creative vision to life. Using existing reference shots, you can create new, original images that are tailored to your brand, vision, and specific application. If you can describe it, Booth AI can bring it to life. Unleash your creativity!"
What is Booth and features,Quickly generate high quality lifestyle photos by simply specifying your desired shot and uploading some sample product images
Can you give me an example,Photo of a smiling woman wearing a black shirt.
Can I book a demo,Yes! you can book a demo as well!